[{"alpha": 2.5, "beta": 1.5, "gamma": 9, "delta": 5, "epsilon": 0.7, "zeta": 2}, {"alpha": 3, "beta": 4, "gamma": 2, "delta": 0.7, "epsilon": 0.5, "zeta": 7}, {"alpha": 0.7, "beta": 7, "gamma": 3, "delta": 0.1, "epsilon": 0.2, "zeta": 6}, {"alpha": 8, "beta": 2, "gamma": 8, "delta": 1, "epsilon": 0.55, "zeta": 1}, {"alpha": 0.7, "beta": 7, "gamma": 4.5, "delta": 0.5, "epsilon": 0.45, "zeta": 9}, {"alpha": 5, "beta": 3, "gamma": 4.5, "delta": 3, "epsilon": 0.9, "zeta": 8}, {"alpha": 10, "beta": 1, "gamma": 9, "delta": 8, "epsilon": 0.3, "zeta": 1.5}, {"alpha": 5.5, "beta": 10, "gamma": 1, "delta": 0.7, "epsilon": 0.5, "zeta": 0.1}, {"alpha": 5, "beta": 4, "gamma": 0.7, "delta": 0.1, "epsilon": 0.1, "zeta": 0.3}, {"alpha": 5.5, "beta": 2.5, "gamma": 4.5, "delta": 8, "epsilon": 0.1, "zeta": 0.7}, {"alpha": 7, "beta": 5.5, "gamma": 2, "delta": 3.5, "epsilon": 0.4, "zeta": 5}, {"alpha": 10, "beta": 6, "gamma": 4.5, "delta": 3, "epsilon": 0.35, "zeta": 5.5}, {"alpha": 3, "beta": 3.5, "gamma": 0.5, "delta": 1.5, "epsilon": 0.7, "zeta": 5}, {"alpha": 6, "beta": 5, "gamma": 4.5, "delta": 8, "epsilon": 0.65, "zeta": 0.3}, {"alpha": 1.5, "beta": 1, "gamma": 6, "delta": 4, "epsilon": 0.35, "zeta": 4}, {"alpha": 0.1, "beta": 1.5, "gamma": 0.3, "delta": 7, "epsilon": 2, "zeta": 1}, {"alpha": 3.5, "beta": 4.5, "gamma": 2.5, "delta": 10, "epsilon": 0.65, "zeta": 0.7}, {"alpha": 1, "beta": 0.3, "gamma": 9, "delta": 1, "epsilon": 0.9, "zeta": 1}, {"alpha": 6, "beta": 0.5, "gamma": 8, "delta": 1, "epsilon": 2, "zeta": 2.5}, {"alpha": 6, "beta": 5, "gamma": 5.5, "delta": 3, "epsilon": 0.6, "zeta": 1}, {"alpha": 3, "beta": 4.5, "gamma": 8, "delta": 0.7, "epsilon": 1, "zeta": 2}, {"alpha": 4.5, "beta": 4.5, "gamma": 0.3, "delta": 3, "epsilon": 0.35, "zeta": 7}, {"alpha": 2, "beta": 8, "gamma": 3.5, "delta": 6, "epsilon": 0.65, "zeta": 7}, {"alpha": 8, "beta": 6, "gamma": 10, "delta": 5, "epsilon": 2, "zeta": 4}, {"alpha": 0.1, "beta": 5, "gamma": 0.3, "delta": 5, "epsilon": 2, "zeta": 5}, {"alpha": 0.3, "beta": 3, "gamma": 4, "delta": 9, "epsilon": 0.5, "zeta": 1.5}, {"alpha": 0.7, "beta": 5, "gamma": 0.3, "delta": 6, "epsilon": 0.55, "zeta": 0.3}, {"alpha": 1, "beta": 10, "gamma": 0.5, "delta": 2, "epsilon": 2, "zeta": 2}, {"alpha": 2, "beta": 6, "gamma": 5.5, "delta": 1, "epsilon": 2, "zeta": 8}, {"alpha": 5.5, "beta": 0.5, "gamma": 5, "delta": 0.3, "epsilon": 0.9, "zeta": 5.5}, {"alpha": 5.0, "beta": 10.0, "gamma": 5.5, "delta": 0.7, "epsilon": 1.0, "zeta": 6.0}, {"alpha": 0.5, "beta": 0.7, "gamma": 0.5, "delta": 4.0, "epsilon": 0.9, "zeta": 8.0}, {"alpha": 4.5, "beta": 0.1, "gamma": 1.0, "delta": 5.5, "epsilon": 0.35, "zeta": 8.0}, {"alpha": 2.0, "beta": 9.0, "gamma": 0.5, "delta": 0.7, "epsilon": 0.1, "zeta": 8.0}, {"alpha": 5.5, "beta": 7.0, "gamma": 0.5, "delta": 3.5, "epsilon": 0.6, "zeta": 8.0}, {"alpha": 2.0, "beta": 10.0, "gamma": 5.5, "delta": 0.1, "epsilon": 0.45, "zeta": 5.0}, {"alpha": 0.7, "beta": 9.0, "gamma": 0.5, "delta": 0.1, "epsilon": 0.8, "zeta": 4.5}, {"alpha": 0.7, "beta": 9.0, "gamma": 3.0, "delta": 2.0, "epsilon": 0.3, "zeta": 1.0}, {"alpha": 1.0, "beta": 9.0, "gamma": 3.5, "delta": 1.5, "epsilon": 0.2, "zeta": 10.0}, {"alpha": 0.7, "beta": 10.0, "gamma": 3.5, "delta": 0.1, "epsilon": 0.5, "zeta": 4.5}, {"alpha": 4.5, "beta": 9.0, "gamma": 4.0, "delta": 0.1, "epsilon": 2.0, "zeta": 6.0}, {"alpha": 0.7, "beta": 10.0, "gamma": 9.0, "delta": 3.0, "epsilon": 0.6, "zeta": 0.1}, {"alpha": 4.5, "beta": 9.0, "gamma": 1.0, "delta": 0.1, "epsilon": 0.3, "zeta": 0.7}, {"alpha": 4.0, "beta": 10.0, "gamma": 3.0, "delta": 0.5, "epsilon": 0.9, "zeta": 2.5}, {"alpha": 1.0, "beta": 9.0, "gamma": 0.1, "delta": 2.5, "epsilon": 0.4, "zeta": 0.1}]